{
    "_m_x": [
        0.5003010764105206,
        0.01061449501644048,
        63.13264866058903,
        4.411260399759304,
        0.23171863464004183,
        0.0016830609475765382,
        7.931520041091892e-05
    ],
    "_m_y": [
        43.38278140133505,
        8.879684723913662,
        -395.2306975397257,
        0.0008392616906393172
    ],
    "_std_x": [
        0.7044480345961757,
        0.3365376890229864,
        8.487449529332467,
        6.233928095597354,
        0.47522814291258475,
        0.04204365598194851,
        0.06206358184352885
    ],
    "_std_y": [
        27.155231965168642,
        29.888826307979578,
        2425.738434726604,
        0.003042098901379531
    ]
}